orbit-type,sensor-type,satellite,data-type,orbit-type-description,sensor-type-description,satellite-description,data-type-description
cross-magnetosphere,energetic-particle-spectrometer-and-magnetometer,arase-erg,level-0,Cross-magnetosphere orbit,energetic-particle-spectrometer-and-magnetometer,arase-erg,Raw data at full instrument resolution.
cross-magnetosphere,energetic-particle-spectrometer-and-magnetometer,arase-erg,level-1,Cross-magnetosphere orbit,energetic-particle-spectrometer-and-magnetometer,arase-erg,"In general, instrument readings are expressed in appropriate physical units and refer to Earth geographical coordinates."
cross-magnetosphere,energetic-particle-spectrometer-and-magnetometer,cluster-1,level-0,Cross-magnetosphere orbit,energetic-particle-spectrometer-and-magnetometer,cluster-1,Raw data at full instrument resolution.
cross-magnetosphere,energetic-particle-spectrometer-and-magnetometer,cluster-1,level-1,Cross-magnetosphere orbit,energetic-particle-spectrometer-and-magnetometer,cluster-1,"In general, instrument readings are expressed in appropriate physical units and refer to Earth geographical coordinates."
cross-magnetosphere,energetic-particle-spectrometer-and-magnetometer,cluster-2,level-0,Cross-magnetosphere orbit,energetic-particle-spectrometer-and-magnetometer,cluster-2,Raw data at full instrument resolution.
cross-magnetosphere,energetic-particle-spectrometer-and-magnetometer,cluster-2,level-1,Cross-magnetosphere orbit,energetic-particle-spectrometer-and-magnetometer,cluster-2,"In general, instrument readings are expressed in appropriate physical units and refer to Earth geographical coordinates."
cross-magnetosphere,energetic-particle-spectrometer-and-magnetometer,cluster-3,level-0,Cross-magnetosphere orbit,energetic-particle-spectrometer-and-magnetometer,cluster-3,Raw data at full instrument resolution.
cross-magnetosphere,energetic-particle-spectrometer-and-magnetometer,cluster-3,level-1,Cross-magnetosphere orbit,energetic-particle-spectrometer-and-magnetometer,cluster-3,"In general, instrument readings are expressed in appropriate physical units and refer to Earth geographical coordinates."
cross-magnetosphere,energetic-particle-spectrometer-and-magnetometer,cluster-4,level-0,Cross-magnetosphere orbit,energetic-particle-spectrometer-and-magnetometer,cluster-4,Raw data at full instrument resolution.
cross-magnetosphere,energetic-particle-spectrometer-and-magnetometer,cluster-4,level-1,Cross-magnetosphere orbit,energetic-particle-spectrometer-and-magnetometer,cluster-4,"In general, instrument readings are expressed in appropriate physical units and refer to Earth geographical coordinates."
cross-magnetosphere,energetic-particle-spectrometer-and-magnetometer,mms-a,level-0,Cross-magnetosphere orbit,energetic-particle-spectrometer-and-magnetometer,mms-a,Raw data at full instrument resolution.
cross-magnetosphere,energetic-particle-spectrometer-and-magnetometer,mms-a,level-1,Cross-magnetosphere orbit,energetic-particle-spectrometer-and-magnetometer,mms-a,"In general, instrument readings are expressed in appropriate physical units and refer to Earth geographical coordinates."
cross-magnetosphere,energetic-particle-spectrometer-and-magnetometer,mms-b,level-0,Cross-magnetosphere orbit,energetic-particle-spectrometer-and-magnetometer,mms-b,Raw data at full instrument resolution.
cross-magnetosphere,energetic-particle-spectrometer-and-magnetometer,mms-b,level-1,Cross-magnetosphere orbit,energetic-particle-spectrometer-and-magnetometer,mms-b,"In general, instrument readings are expressed in appropriate physical units and refer to Earth geographical coordinates."
cross-magnetosphere,energetic-particle-spectrometer-and-magnetometer,mms-c,level-0,Cross-magnetosphere orbit,energetic-particle-spectrometer-and-magnetometer,mms-c,Raw data at full instrument resolution.
cross-magnetosphere,energetic-particle-spectrometer-and-magnetometer,mms-c,level-1,Cross-magnetosphere orbit,energetic-particle-spectrometer-and-magnetometer,mms-c,"In general, instrument readings are expressed in appropriate physical units and refer to Earth geographical coordinates."
cross-magnetosphere,energetic-particle-spectrometer-and-magnetometer,mms-d,level-0,Cross-magnetosphere orbit,energetic-particle-spectrometer-and-magnetometer,mms-d,Raw data at full instrument resolution.
cross-magnetosphere,energetic-particle-spectrometer-and-magnetometer,mms-d,level-1,Cross-magnetosphere orbit,energetic-particle-spectrometer-and-magnetometer,mms-d,"In general, instrument readings are expressed in appropriate physical units and refer to Earth geographical coordinates."
cross-magnetosphere,energetic-particle-spectrometer-and-magnetometer,themis-a,level-0,Cross-magnetosphere orbit,energetic-particle-spectrometer-and-magnetometer,themis-a,Raw data at full instrument resolution.
cross-magnetosphere,energetic-particle-spectrometer-and-magnetometer,themis-a,level-1,Cross-magnetosphere orbit,energetic-particle-spectrometer-and-magnetometer,themis-a,"In general, instrument readings are expressed in appropriate physical units and refer to Earth geographical coordinates."
cross-magnetosphere,energetic-particle-spectrometer-and-magnetometer,themis-d,level-0,Cross-magnetosphere orbit,energetic-particle-spectrometer-and-magnetometer,themis-d,Raw data at full instrument resolution.
cross-magnetosphere,energetic-particle-spectrometer-and-magnetometer,themis-d,level-1,Cross-magnetosphere orbit,energetic-particle-spectrometer-and-magnetometer,themis-d,"In general, instrument readings are expressed in appropriate physical units and refer to Earth geographical coordinates."
cross-magnetosphere,energetic-particle-spectrometer-and-magnetometer,themis-e,level-0,Cross-magnetosphere orbit,energetic-particle-spectrometer-and-magnetometer,themis-e,Raw data at full instrument resolution.
cross-magnetosphere,energetic-particle-spectrometer-and-magnetometer,themis-e,level-1,Cross-magnetosphere orbit,energetic-particle-spectrometer-and-magnetometer,themis-e,"In general, instrument readings are expressed in appropriate physical units and refer to Earth geographical coordinates."
drift,energetic-particle-spectrometer-and-magnetometer,cosmic-2,level-0,Drifting orbit,energetic-particle-spectrometer-and-magnetometer,cosmic-2,Raw data at full instrument resolution.
drift,energetic-particle-spectrometer-and-magnetometer,cosmic-2,level-1,Drifting orbit,energetic-particle-spectrometer-and-magnetometer,cosmic-2,"In general, instrument readings are expressed in appropriate physical units and refer to Earth geographical coordinates."
drift,energetic-particle-spectrometer-and-magnetometer,fy-3g,level-0,Drifting orbit,energetic-particle-spectrometer-and-magnetometer,fy-3g,Raw data at full instrument resolution.
drift,energetic-particle-spectrometer-and-magnetometer,fy-3g,level-1,Drifting orbit,energetic-particle-spectrometer-and-magnetometer,fy-3g,"In general, instrument readings are expressed in appropriate physical units and refer to Earth geographical coordinates."
drift,energetic-particle-spectrometer-and-magnetometer,hy-2c,level-0,Drifting orbit,energetic-particle-spectrometer-and-magnetometer,hy-2c,Raw data at full instrument resolution.
drift,energetic-particle-spectrometer-and-magnetometer,hy-2c,level-1,Drifting orbit,energetic-particle-spectrometer-and-magnetometer,hy-2c,"In general, instrument readings are expressed in appropriate physical units and refer to Earth geographical coordinates."
drift,energetic-particle-spectrometer-and-magnetometer,hy-2d,level-0,Drifting orbit,energetic-particle-spectrometer-and-magnetometer,hy-2d,Raw data at full instrument resolution.
drift,energetic-particle-spectrometer-and-magnetometer,hy-2d,level-1,Drifting orbit,energetic-particle-spectrometer-and-magnetometer,hy-2d,"In general, instrument readings are expressed in appropriate physical units and refer to Earth geographical coordinates."
drift,energetic-particle-spectrometer-and-magnetometer,icon,level-0,Drifting orbit,energetic-particle-spectrometer-and-magnetometer,icon,Raw data at full instrument resolution.
drift,energetic-particle-spectrometer-and-magnetometer,icon,level-1,Drifting orbit,energetic-particle-spectrometer-and-magnetometer,icon,"In general, instrument readings are expressed in appropriate physical units and refer to Earth geographical coordinates."
drift,energetic-particle-spectrometer-and-magnetometer,jason-3,level-0,Drifting orbit,energetic-particle-spectrometer-and-magnetometer,jason-3,Raw data at full instrument resolution.
drift,energetic-particle-spectrometer-and-magnetometer,jason-3,level-1,Drifting orbit,energetic-particle-spectrometer-and-magnetometer,jason-3,"In general, instrument readings are expressed in appropriate physical units and refer to Earth geographical coordinates."
drift,energetic-particle-spectrometer-and-magnetometer,sentinel-6a,level-0,Drifting orbit,energetic-particle-spectrometer-and-magnetometer,sentinel-6a,Raw data at full instrument resolution.
drift,energetic-particle-spectrometer-and-magnetometer,sentinel-6a,level-1,Drifting orbit,energetic-particle-spectrometer-and-magnetometer,sentinel-6a,"In general, instrument readings are expressed in appropriate physical units and refer to Earth geographical coordinates."
drift,energetic-particle-spectrometer-and-magnetometer,swarm-a,level-0,Drifting orbit,energetic-particle-spectrometer-and-magnetometer,swarm-a,Raw data at full instrument resolution.
drift,energetic-particle-spectrometer-and-magnetometer,swarm-a,level-1,Drifting orbit,energetic-particle-spectrometer-and-magnetometer,swarm-a,"In general, instrument readings are expressed in appropriate physical units and refer to Earth geographical coordinates."
drift,energetic-particle-spectrometer-and-magnetometer,swarm-b,level-0,Drifting orbit,energetic-particle-spectrometer-and-magnetometer,swarm-b,Raw data at full instrument resolution.
drift,energetic-particle-spectrometer-and-magnetometer,swarm-b,level-1,Drifting orbit,energetic-particle-spectrometer-and-magnetometer,swarm-b,"In general, instrument readings are expressed in appropriate physical units and refer to Earth geographical coordinates."
drift,energetic-particle-spectrometer-and-magnetometer,swarm-c,level-0,Drifting orbit,energetic-particle-spectrometer-and-magnetometer,swarm-c,Raw data at full instrument resolution.
drift,energetic-particle-spectrometer-and-magnetometer,swarm-c,level-1,Drifting orbit,energetic-particle-spectrometer-and-magnetometer,swarm-c,"In general, instrument readings are expressed in appropriate physical units and refer to Earth geographical coordinates."
drift,energetic-particle-spectrometer-and-magnetometer,swot,level-0,Drifting orbit,energetic-particle-spectrometer-and-magnetometer,swot,Raw data at full instrument resolution.
drift,energetic-particle-spectrometer-and-magnetometer,swot,level-1,Drifting orbit,energetic-particle-spectrometer-and-magnetometer,swot,"In general, instrument readings are expressed in appropriate physical units and refer to Earth geographical coordinates."
drift,energetic-particle-spectrometer-and-magnetometer,timed,level-0,Drifting orbit,energetic-particle-spectrometer-and-magnetometer,timed,Raw data at full instrument resolution.
drift,energetic-particle-spectrometer-and-magnetometer,timed,level-1,Drifting orbit,energetic-particle-spectrometer-and-magnetometer,timed,"In general, instrument readings are expressed in appropriate physical units and refer to Earth geographical coordinates."
drift,energetic-particle-spectrometer-and-magnetometer,tropics-03,level-0,Drifting orbit,energetic-particle-spectrometer-and-magnetometer,tropics-03,Raw data at full instrument resolution.
drift,energetic-particle-spectrometer-and-magnetometer,tropics-03,level-1,Drifting orbit,energetic-particle-spectrometer-and-magnetometer,tropics-03,"In general, instrument readings are expressed in appropriate physical units and refer to Earth geographical coordinates."
drift,energetic-particle-spectrometer-and-magnetometer,tropics-05,level-0,Drifting orbit,energetic-particle-spectrometer-and-magnetometer,tropics-05,Raw data at full instrument resolution.
drift,energetic-particle-spectrometer-and-magnetometer,tropics-05,level-1,Drifting orbit,energetic-particle-spectrometer-and-magnetometer,tropics-05,"In general, instrument readings are expressed in appropriate physical units and refer to Earth geographical coordinates."
drift,energetic-particle-spectrometer-and-magnetometer,tropics-06,level-0,Drifting orbit,energetic-particle-spectrometer-and-magnetometer,tropics-06,Raw data at full instrument resolution.
drift,energetic-particle-spectrometer-and-magnetometer,tropics-06,level-1,Drifting orbit,energetic-particle-spectrometer-and-magnetometer,tropics-06,"In general, instrument readings are expressed in appropriate physical units and refer to Earth geographical coordinates."
drift,energetic-particle-spectrometer-and-magnetometer,tropics-07,level-0,Drifting orbit,energetic-particle-spectrometer-and-magnetometer,tropics-07,Raw data at full instrument resolution.
drift,energetic-particle-spectrometer-and-magnetometer,tropics-07,level-1,Drifting orbit,energetic-particle-spectrometer-and-magnetometer,tropics-07,"In general, instrument readings are expressed in appropriate physical units and refer to Earth geographical coordinates."
drift,energetic-particle-spectrometer-and-magnetometer,xmm-newton,level-0,Drifting orbit,energetic-particle-spectrometer-and-magnetometer,xmm-newton,Raw data at full instrument resolution.
drift,energetic-particle-spectrometer-and-magnetometer,xmm-newton,level-1,Drifting orbit,energetic-particle-spectrometer-and-magnetometer,xmm-newton,"In general, instrument readings are expressed in appropriate physical units and refer to Earth geographical coordinates."
drift,gravitometry,diademe-1,level-0,Drifting orbit,gravitometry,diademe-1,Raw data at full instrument resolution.
drift,gravitometry,diademe-1,level-1,Drifting orbit,gravitometry,diademe-1,"In general, instrument readings are expressed in appropriate physical units and refer to Earth geographical coordinates."
drift,gravitometry,diademe-2,level-0,Drifting orbit,gravitometry,diademe-2,Raw data at full instrument resolution.
drift,gravitometry,diademe-2,level-1,Drifting orbit,gravitometry,diademe-2,"In general, instrument readings are expressed in appropriate physical units and refer to Earth geographical coordinates."
drift,gravitometry,grace-fo,level-0,Drifting orbit,gravitometry,grace-fo,Raw data at full instrument resolution.
drift,gravitometry,grace-fo,level-1,Drifting orbit,gravitometry,grace-fo,"In general, instrument readings are expressed in appropriate physical units and refer to Earth geographical coordinates."
drift,gravitometry,hy-2c,level-0,Drifting orbit,gravitometry,hy-2c,Raw data at full instrument resolution.
drift,gravitometry,hy-2c,level-1,Drifting orbit,gravitometry,hy-2c,"In general, instrument readings are expressed in appropriate physical units and refer to Earth geographical coordinates."
drift,gravitometry,hy-2d,level-0,Drifting orbit,gravitometry,hy-2d,Raw data at full instrument resolution.
drift,gravitometry,hy-2d,level-1,Drifting orbit,gravitometry,hy-2d,"In general, instrument readings are expressed in appropriate physical units and refer to Earth geographical coordinates."
drift,gravitometry,icesat-2,level-0,Drifting orbit,gravitometry,icesat-2,Raw data at full instrument resolution.
drift,gravitometry,icesat-2,level-1,Drifting orbit,gravitometry,icesat-2,"In general, instrument readings are expressed in appropriate physical units and refer to Earth geographical coordinates."
drift,gravitometry,jason-3,level-0,Drifting orbit,gravitometry,jason-3,Raw data at full instrument resolution.
drift,gravitometry,jason-3,level-1,Drifting orbit,gravitometry,jason-3,"In general, instrument readings are expressed in appropriate physical units and refer to Earth geographical coordinates."
drift,gravitometry,lageos-1,level-0,Drifting orbit,gravitometry,lageos-1,Raw data at full instrument resolution.
drift,gravitometry,lageos-1,level-1,Drifting orbit,gravitometry,lageos-1,"In general, instrument readings are expressed in appropriate physical units and refer to Earth geographical coordinates."
drift,gravitometry,lageos-2,level-0,Drifting orbit,gravitometry,lageos-2,Raw data at full instrument resolution.
drift,gravitometry,lageos-2,level-1,Drifting orbit,gravitometry,lageos-2,"In general, instrument readings are expressed in appropriate physical units and refer to Earth geographical coordinates."
drift,gravitometry,lares-1,level-0,Drifting orbit,gravitometry,lares-1,Raw data at full instrument resolution.
drift,gravitometry,lares-1,level-1,Drifting orbit,gravitometry,lares-1,"In general, instrument readings are expressed in appropriate physical units and refer to Earth geographical coordinates."
drift,gravitometry,lares-2,level-0,Drifting orbit,gravitometry,lares-2,Raw data at full instrument resolution.
drift,gravitometry,lares-2,level-1,Drifting orbit,gravitometry,lares-2,"In general, instrument readings are expressed in appropriate physical units and refer to Earth geographical coordinates."
drift,gravitometry,sentinel-6a,level-0,Drifting orbit,gravitometry,sentinel-6a,Raw data at full instrument resolution.
drift,gravitometry,sentinel-6a,level-1,Drifting orbit,gravitometry,sentinel-6a,"In general, instrument readings are expressed in appropriate physical units and refer to Earth geographical coordinates."
drift,gravitometry,starlette,level-0,Drifting orbit,gravitometry,starlette,Raw data at full instrument resolution.
drift,gravitometry,starlette,level-1,Drifting orbit,gravitometry,starlette,"In general, instrument readings are expressed in appropriate physical units and refer to Earth geographical coordinates."
drift,gravitometry,stella,level-0,Drifting orbit,gravitometry,stella,Raw data at full instrument resolution.
drift,gravitometry,stella,level-1,Drifting orbit,gravitometry,stella,"In general, instrument readings are expressed in appropriate physical units and refer to Earth geographical coordinates."
drift,gravitometry,swarm-a,level-0,Drifting orbit,gravitometry,swarm-a,Raw data at full instrument resolution.
drift,gravitometry,swarm-a,level-1,Drifting orbit,gravitometry,swarm-a,"In general, instrument readings are expressed in appropriate physical units and refer to Earth geographical coordinates."
drift,gravitometry,swarm-b,level-0,Drifting orbit,gravitometry,swarm-b,Raw data at full instrument resolution.
drift,gravitometry,swarm-b,level-1,Drifting orbit,gravitometry,swarm-b,"In general, instrument readings are expressed in appropriate physical units and refer to Earth geographical coordinates."
drift,gravitometry,swarm-c,level-0,Drifting orbit,gravitometry,swarm-c,Raw data at full instrument resolution.
drift,gravitometry,swarm-c,level-1,Drifting orbit,gravitometry,swarm-c,"In general, instrument readings are expressed in appropriate physical units and refer to Earth geographical coordinates."
drift,gravitometry,swot,level-0,Drifting orbit,gravitometry,swot,Raw data at full instrument resolution.
drift,gravitometry,swot,level-1,Drifting orbit,gravitometry,swot,"In general, instrument readings are expressed in appropriate physical units and refer to Earth geographical coordinates."
drift,in_situ_plasma_probe,galileo,level-0,Drifting orbit,in_situ_plasma_probe,galileo,Raw data at full instrument resolution.
drift,in_situ_plasma_probe,galileo,level-1,Drifting orbit,in_situ_plasma_probe,galileo,"In general, instrument readings are expressed in appropriate physical units and refer to Earth geographical coordinates."
drift,in_situ_plasma_probe,jason-3,level-0,Drifting orbit,in_situ_plasma_probe,jason-3,Raw data at full instrument resolution.
drift,in_situ_plasma_probe,jason-3,level-1,Drifting orbit,in_situ_plasma_probe,jason-3,"In general, instrument readings are expressed in appropriate physical units and refer to Earth geographical coordinates."
drift,in_situ_plasma_probe,swarm-a,level-0,Drifting orbit,in_situ_plasma_probe,swarm-a,Raw data at full instrument resolution.
drift,in_situ_plasma_probe,swarm-a,level-1,Drifting orbit,in_situ_plasma_probe,swarm-a,"In general, instrument readings are expressed in appropriate physical units and refer to Earth geographical coordinates."
drift,in_situ_plasma_probe,swarm-b,level-0,Drifting orbit,in_situ_plasma_probe,swarm-b,Raw data at full instrument resolution.
drift,in_situ_plasma_probe,swarm-b,level-1,Drifting orbit,in_situ_plasma_probe,swarm-b,"In general, instrument readings are expressed in appropriate physical units and refer to Earth geographical coordinates."
ecliptic,energetic-particle-spectrometer-and-magnetometer,stereo-a,level-0,Ecliptic orbit,energetic-particle-spectrometer-and-magnetometer,stereo-a,Raw data at full instrument resolution.
ecliptic,energetic-particle-spectrometer-and-magnetometer,stereo-a,level-1,Ecliptic orbit,energetic-particle-spectrometer-and-magnetometer,stereo-a,"In general, instrument readings are expressed in appropriate physical units and refer to Earth geographical coordinates."
ecliptic,solar_activity_monitor,stereo-a,level-0,Ecliptic orbit,solar_activity_monitor,stereo-a,Raw data at full instrument resolution.
ecliptic,solar_activity_monitor,stereo-a,level-1,Ecliptic orbit,solar_activity_monitor,stereo-a,"In general, instrument readings are expressed in appropriate physical units and refer to Earth geographical coordinates."
ecliptic,solar_magnetograph,stereo-a,level-0,Ecliptic orbit,solar_magnetograph,stereo-a,Raw data at full instrument resolution.
ecliptic,solar_magnetograph,stereo-a,level-1,Ecliptic orbit,solar_magnetograph,stereo-a,"In general, instrument readings are expressed in appropriate physical units and refer to Earth geographical coordinates."
geo,energetic-particle-spectrometer-and-magnetometer,electro-l-n4,level-0,Geostationary orbit,energetic-particle-spectrometer-and-magnetometer,electro-l-n4,Raw data at full instrument resolution.
geo,energetic-particle-spectrometer-and-magnetometer,electro-l-n4,level-1,Geostationary orbit,energetic-particle-spectrometer-and-magnetometer,electro-l-n4,"In general, instrument readings are expressed in appropriate physical units and refer to Earth geographical coordinates."
geo,energetic-particle-spectrometer-and-magnetometer,tempo,level-0,Geostationary orbit,energetic-particle-spectrometer-and-magnetometer,tempo,Raw data at full instrument resolution.
geo,energetic-particle-spectrometer-and-magnetometer,tempo,level-1,Geostationary orbit,energetic-particle-spectrometer-and-magnetometer,tempo,"In general, instrument readings are expressed in appropriate physical units and refer to Earth geographical coordinates."
geo,in_situ_plasma_probe,electro-l-n2,level-0,Geostationary orbit,in_situ_plasma_probe,electro-l-n2,Raw data at full instrument resolution.
geo,in_situ_plasma_probe,electro-l-n2,level-1,Geostationary orbit,in_situ_plasma_probe,electro-l-n2,"In general, instrument readings are expressed in appropriate physical units and refer to Earth geographical coordinates."
geo,in_situ_plasma_probe,electro-l-n3,level-0,Geostationary orbit,in_situ_plasma_probe,electro-l-n3,Raw data at full instrument resolution.
geo,in_situ_plasma_probe,electro-l-n3,level-1,Geostationary orbit,in_situ_plasma_probe,electro-l-n3,"In general, instrument readings are expressed in appropriate physical units and refer to Earth geographical coordinates."
geo,in_situ_plasma_probe,electro-l-n4,level-0,Geostationary orbit,in_situ_plasma_probe,electro-l-n4,Raw data at full instrument resolution.
geo,in_situ_plasma_probe,electro-l-n4,level-1,Geostationary orbit,in_situ_plasma_probe,electro-l-n4,"In general, instrument readings are expressed in appropriate physical units and refer to Earth geographical coordinates."
geo,in_situ_plasma_probe,fy-2g,level-0,Geostationary orbit,in_situ_plasma_probe,fy-2g,Raw data at full instrument resolution.
geo,in_situ_plasma_probe,fy-2g,level-1,Geostationary orbit,in_situ_plasma_probe,fy-2g,"In general, instrument readings are expressed in appropriate physical units and refer to Earth geographical coordinates."
geo,in_situ_plasma_probe,fy-2h,level-0,Geostationary orbit,in_situ_plasma_probe,fy-2h,Raw data at full instrument resolution.
geo,in_situ_plasma_probe,fy-2h,level-1,Geostationary orbit,in_situ_plasma_probe,fy-2h,"In general, instrument readings are expressed in appropriate physical units and refer to Earth geographical coordinates."
geo,in_situ_plasma_probe,fy-4a,level-0,Geostationary orbit,in_situ_plasma_probe,fy-4a,Raw data at full instrument resolution.
geo,in_situ_plasma_probe,fy-4a,level-1,Geostationary orbit,in_situ_plasma_probe,fy-4a,"In general, instrument readings are expressed in appropriate physical units and refer to Earth geographical coordinates."
geo,in_situ_plasma_probe,fy-4b,level-0,Geostationary orbit,in_situ_plasma_probe,fy-4b,Raw data at full instrument resolution.
geo,in_situ_plasma_probe,fy-4b,level-1,Geostationary orbit,in_situ_plasma_probe,fy-4b,"In general, instrument readings are expressed in appropriate physical units and refer to Earth geographical coordinates."
geo,in_situ_plasma_probe,fy-4c,level-0,Geostationary orbit,in_situ_plasma_probe,fy-4c,Raw data at full instrument resolution.
geo,in_situ_plasma_probe,fy-4c,level-1,Geostationary orbit,in_situ_plasma_probe,fy-4c,"In general, instrument readings are expressed in appropriate physical units and refer to Earth geographical coordinates."
geo,in_situ_plasma_probe,fy-4d,level-0,Geostationary orbit,in_situ_plasma_probe,fy-4d,Raw data at full instrument resolution.
geo,in_situ_plasma_probe,fy-4d,level-1,Geostationary orbit,in_situ_plasma_probe,fy-4d,"In general, instrument readings are expressed in appropriate physical units and refer to Earth geographical coordinates."
geo,in_situ_plasma_probe,fy-4e,level-0,Geostationary orbit,in_situ_plasma_probe,fy-4e,Raw data at full instrument resolution.
geo,in_situ_plasma_probe,fy-4e,level-1,Geostationary orbit,in_situ_plasma_probe,fy-4e,"In general, instrument readings are expressed in appropriate physical units and refer to Earth geographical coordinates."
geo,in_situ_plasma_probe,geo-kompsat-2a,level-0,Geostationary orbit,in_situ_plasma_probe,geo-kompsat-2a,Raw data at full instrument resolution.
geo,in_situ_plasma_probe,geo-kompsat-2a,level-1,Geostationary orbit,in_situ_plasma_probe,geo-kompsat-2a,"In general, instrument readings are expressed in appropriate physical units and refer to Earth geographical coordinates."
geo,in_situ_plasma_probe,goes-14,level-0,Geostationary orbit,in_situ_plasma_probe,goes-14,Raw data at full instrument resolution.
geo,in_situ_plasma_probe,goes-14,level-1,Geostationary orbit,in_situ_plasma_probe,goes-14,"In general, instrument readings are expressed in appropriate physical units and refer to Earth geographical coordinates."
geo,in_situ_plasma_probe,goes-16,level-0,Geostationary orbit,in_situ_plasma_probe,goes-16,Raw data at full instrument resolution.
geo,in_situ_plasma_probe,goes-16,level-1,Geostationary orbit,in_situ_plasma_probe,goes-16,"In general, instrument readings are expressed in appropriate physical units and refer to Earth geographical coordinates."
geo,in_situ_plasma_probe,goes-17,level-0,Geostationary orbit,in_situ_plasma_probe,goes-17,Raw data at full instrument resolution.
geo,in_situ_plasma_probe,goes-17,level-1,Geostationary orbit,in_situ_plasma_probe,goes-17,"In general, instrument readings are expressed in appropriate physical units and refer to Earth geographical coordinates."
geo,in_situ_plasma_probe,goes-18,level-0,Geostationary orbit,in_situ_plasma_probe,goes-18,Raw data at full instrument resolution.
geo,in_situ_plasma_probe,goes-18,level-1,Geostationary orbit,in_situ_plasma_probe,goes-18,"In general, instrument readings are expressed in appropriate physical units and refer to Earth geographical coordinates."
geo,solar_magnetograph,electro-l-n2,level-0,Geostationary orbit,solar_magnetograph,electro-l-n2,Raw data at full instrument resolution.
geo,solar_magnetograph,electro-l-n2,level-1,Geostationary orbit,solar_magnetograph,electro-l-n2,"In general, instrument readings are expressed in appropriate physical units and refer to Earth geographical coordinates."
geo,solar_magnetograph,electro-l-n3,level-0,Geostationary orbit,solar_magnetograph,electro-l-n3,Raw data at full instrument resolution.
geo,solar_magnetograph,electro-l-n3,level-1,Geostationary orbit,solar_magnetograph,electro-l-n3,"In general, instrument readings are expressed in appropriate physical units and refer to Earth geographical coordinates."
geo,solar_magnetograph,electro-l-n4,level-0,Geostationary orbit,solar_magnetograph,electro-l-n4,Raw data at full instrument resolution.
geo,solar_magnetograph,electro-l-n4,level-1,Geostationary orbit,solar_magnetograph,electro-l-n4,"In general, instrument readings are expressed in appropriate physical units and refer to Earth geographical coordinates."
geo,solar_magnetograph,fy-2g,level-0,Geostationary orbit,solar_magnetograph,fy-2g,Raw data at full instrument resolution.
geo,solar_magnetograph,fy-2g,level-1,Geostationary orbit,solar_magnetograph,fy-2g,"In general, instrument readings are expressed in appropriate physical units and refer to Earth geographical coordinates."
geo,solar_magnetograph,fy-2h,level-0,Geostationary orbit,solar_magnetograph,fy-2h,Raw data at full instrument resolution.
geo,solar_magnetograph,fy-2h,level-1,Geostationary orbit,solar_magnetograph,fy-2h,"In general, instrument readings are expressed in appropriate physical units and refer to Earth geographical coordinates."
geo,solar_magnetograph,fy-4c,level-0,Geostationary orbit,solar_magnetograph,fy-4c,Raw data at full instrument resolution.
geo,solar_magnetograph,fy-4c,level-1,Geostationary orbit,solar_magnetograph,fy-4c,"In general, instrument readings are expressed in appropriate physical units and refer to Earth geographical coordinates."
geo,solar_magnetograph,fy-4d,level-0,Geostationary orbit,solar_magnetograph,fy-4d,Raw data at full instrument resolution.
geo,solar_magnetograph,fy-4d,level-1,Geostationary orbit,solar_magnetograph,fy-4d,"In general, instrument readings are expressed in appropriate physical units and refer to Earth geographical coordinates."
geo,solar_magnetograph,fy-4e,level-0,Geostationary orbit,solar_magnetograph,fy-4e,Raw data at full instrument resolution.
geo,solar_magnetograph,fy-4e,level-1,Geostationary orbit,solar_magnetograph,fy-4e,"In general, instrument readings are expressed in appropriate physical units and refer to Earth geographical coordinates."
geo,solar_magnetograph,goes-14,level-0,Geostationary orbit,solar_magnetograph,goes-14,Raw data at full instrument resolution.
geo,solar_magnetograph,goes-14,level-1,Geostationary orbit,solar_magnetograph,goes-14,"In general, instrument readings are expressed in appropriate physical units and refer to Earth geographical coordinates."
geo,solar_magnetograph,goes-16,level-0,Geostationary orbit,solar_magnetograph,goes-16,Raw data at full instrument resolution.
geo,solar_magnetograph,goes-16,level-1,Geostationary orbit,solar_magnetograph,goes-16,"In general, instrument readings are expressed in appropriate physical units and refer to Earth geographical coordinates."
geo,solar_magnetograph,goes-17,level-0,Geostationary orbit,solar_magnetograph,goes-17,Raw data at full instrument resolution.
geo,solar_magnetograph,goes-17,level-1,Geostationary orbit,solar_magnetograph,goes-17,"In general, instrument readings are expressed in appropriate physical units and refer to Earth geographical coordinates."
geo,solar_magnetograph,goes-18,level-0,Geostationary orbit,solar_magnetograph,goes-18,Raw data at full instrument resolution.
geo,solar_magnetograph,goes-18,level-1,Geostationary orbit,solar_magnetograph,goes-18,"In general, instrument readings are expressed in appropriate physical units and refer to Earth geographical coordinates."
geo,x_ray_spectrograph,electro-l-n2,level-0,Geostationary orbit,x_ray_spectrograph,electro-l-n2,Raw data at full instrument resolution.
geo,x_ray_spectrograph,electro-l-n2,level-1,Geostationary orbit,x_ray_spectrograph,electro-l-n2,"In general, instrument readings are expressed in appropriate physical units and refer to Earth geographical coordinates."
geo,x_ray_spectrograph,electro-l-n3,level-0,Geostationary orbit,x_ray_spectrograph,electro-l-n3,Raw data at full instrument resolution.
geo,x_ray_spectrograph,electro-l-n3,level-1,Geostationary orbit,x_ray_spectrograph,electro-l-n3,"In general, instrument readings are expressed in appropriate physical units and refer to Earth geographical coordinates."
geo,x_ray_spectrograph,electro-l-n4,level-0,Geostationary orbit,x_ray_spectrograph,electro-l-n4,Raw data at full instrument resolution.
geo,x_ray_spectrograph,electro-l-n4,level-1,Geostationary orbit,x_ray_spectrograph,electro-l-n4,"In general, instrument readings are expressed in appropriate physical units and refer to Earth geographical coordinates."
geo,x_ray_spectrograph,fy-2g,level-0,Geostationary orbit,x_ray_spectrograph,fy-2g,Raw data at full instrument resolution.
geo,x_ray_spectrograph,fy-2g,level-1,Geostationary orbit,x_ray_spectrograph,fy-2g,"In general, instrument readings are expressed in appropriate physical units and refer to Earth geographical coordinates."
geo,x_ray_spectrograph,fy-2h,level-0,Geostationary orbit,x_ray_spectrograph,fy-2h,Raw data at full instrument resolution.
geo,x_ray_spectrograph,fy-2h,level-1,Geostationary orbit,x_ray_spectrograph,fy-2h,"In general, instrument readings are expressed in appropriate physical units and refer to Earth geographical coordinates."
geo,x_ray_spectrograph,fy-4c,level-0,Geostationary orbit,x_ray_spectrograph,fy-4c,Raw data at full instrument resolution.
geo,x_ray_spectrograph,fy-4c,level-1,Geostationary orbit,x_ray_spectrograph,fy-4c,"In general, instrument readings are expressed in appropriate physical units and refer to Earth geographical coordinates."
geo,x_ray_spectrograph,fy-4d,level-0,Geostationary orbit,x_ray_spectrograph,fy-4d,Raw data at full instrument resolution.
geo,x_ray_spectrograph,fy-4d,level-1,Geostationary orbit,x_ray_spectrograph,fy-4d,"In general, instrument readings are expressed in appropriate physical units and refer to Earth geographical coordinates."
geo,x_ray_spectrograph,fy-4e,level-0,Geostationary orbit,x_ray_spectrograph,fy-4e,Raw data at full instrument resolution.
geo,x_ray_spectrograph,fy-4e,level-1,Geostationary orbit,x_ray_spectrograph,fy-4e,"In general, instrument readings are expressed in appropriate physical units and refer to Earth geographical coordinates."
geo,x_ray_spectrograph,goes-14,level-0,Geostationary orbit,x_ray_spectrograph,goes-14,Raw data at full instrument resolution.
geo,x_ray_spectrograph,goes-14,level-1,Geostationary orbit,x_ray_spectrograph,goes-14,"In general, instrument readings are expressed in appropriate physical units and refer to Earth geographical coordinates."
geo,x_ray_spectrograph,goes-16,level-0,Geostationary orbit,x_ray_spectrograph,goes-16,Raw data at full instrument resolution.
geo,x_ray_spectrograph,goes-16,level-1,Geostationary orbit,x_ray_spectrograph,goes-16,"In general, instrument readings are expressed in appropriate physical units and refer to Earth geographical coordinates."
geo,x_ray_spectrograph,goes-17,level-0,Geostationary orbit,x_ray_spectrograph,goes-17,Raw data at full instrument resolution.
geo,x_ray_spectrograph,goes-17,level-1,Geostationary orbit,x_ray_spectrograph,goes-17,"In general, instrument readings are expressed in appropriate physical units and refer to Earth geographical coordinates."
geo,x_ray_spectrograph,goes-18,level-0,Geostationary orbit,x_ray_spectrograph,goes-18,Raw data at full instrument resolution.
geo,x_ray_spectrograph,goes-18,level-1,Geostationary orbit,x_ray_spectrograph,goes-18,"In general, instrument readings are expressed in appropriate physical units and refer to Earth geographical coordinates."
gso,solar_magnetograph,sdo,level-0,Geosynchronous orbit,solar_magnetograph,sdo,Raw data at full instrument resolution.
gso,solar_magnetograph,sdo,level-1,Geosynchronous orbit,solar_magnetograph,sdo,"In general, instrument readings are expressed in appropriate physical units and refer to Earth geographical coordinates."
lagrange-l-1,energetic-particle-spectrometer-and-magnetometer,ace,level-0,Lagrange L1,energetic-particle-spectrometer-and-magnetometer,ace,Raw data at full instrument resolution.
lagrange-l-1,energetic-particle-spectrometer-and-magnetometer,ace,level-1,Lagrange L1,energetic-particle-spectrometer-and-magnetometer,ace,"In general, instrument readings are expressed in appropriate physical units and refer to Earth geographical coordinates."
lagrange-l-1,energetic-particle-spectrometer-and-magnetometer,aditya-1,level-0,Lagrange L1,energetic-particle-spectrometer-and-magnetometer,aditya-1,Raw data at full instrument resolution.
lagrange-l-1,energetic-particle-spectrometer-and-magnetometer,aditya-1,level-1,Lagrange L1,energetic-particle-spectrometer-and-magnetometer,aditya-1,"In general, instrument readings are expressed in appropriate physical units and refer to Earth geographical coordinates."
lagrange-l-1,energetic-particle-spectrometer-and-magnetometer,dscovr,level-0,Lagrange L1,energetic-particle-spectrometer-and-magnetometer,dscovr,Raw data at full instrument resolution.
lagrange-l-1,energetic-particle-spectrometer-and-magnetometer,dscovr,level-1,Lagrange L1,energetic-particle-spectrometer-and-magnetometer,dscovr,"In general, instrument readings are expressed in appropriate physical units and refer to Earth geographical coordinates."
lagrange-l-1,energetic-particle-spectrometer-and-magnetometer,soho,level-0,Lagrange L1,energetic-particle-spectrometer-and-magnetometer,soho,Raw data at full instrument resolution.
lagrange-l-1,energetic-particle-spectrometer-and-magnetometer,soho,level-1,Lagrange L1,energetic-particle-spectrometer-and-magnetometer,soho,"In general, instrument readings are expressed in appropriate physical units and refer to Earth geographical coordinates."
lagrange-l-1,energetic-particle-spectrometer-and-magnetometer,wind,level-0,Lagrange L1,energetic-particle-spectrometer-and-magnetometer,wind,Raw data at full instrument resolution.
lagrange-l-1,energetic-particle-spectrometer-and-magnetometer,wind,level-1,Lagrange L1,energetic-particle-spectrometer-and-magnetometer,wind,"In general, instrument readings are expressed in appropriate physical units and refer to Earth geographical coordinates."
lagrange-l-1,solar_activity_monitor,aditya-1,level-0,Lagrange L1,solar_activity_monitor,aditya-1,Raw data at full instrument resolution.
lagrange-l-1,solar_activity_monitor,aditya-1,level-1,Lagrange L1,solar_activity_monitor,aditya-1,"In general, instrument readings are expressed in appropriate physical units and refer to Earth geographical coordinates."
lagrange-l-1,solar_activity_monitor,soho,level-0,Lagrange L1,solar_activity_monitor,soho,Raw data at full instrument resolution.
lagrange-l-1,solar_activity_monitor,soho,level-1,Lagrange L1,solar_activity_monitor,soho,"In general, instrument readings are expressed in appropriate physical units and refer to Earth geographical coordinates."
lagrange-l-1,solar_coronagraph,aditya-1,level-0,Lagrange L1,solar_coronagraph,aditya-1,Raw data at full instrument resolution.
lagrange-l-1,solar_coronagraph,aditya-1,level-1,Lagrange L1,solar_coronagraph,aditya-1,"In general, instrument readings are expressed in appropriate physical units and refer to Earth geographical coordinates."
lagrange-l-1,solar_coronagraph,soho,level-0,Lagrange L1,solar_coronagraph,soho,Raw data at full instrument resolution.
lagrange-l-1,solar_coronagraph,soho,level-1,Lagrange L1,solar_coronagraph,soho,"In general, instrument readings are expressed in appropriate physical units and refer to Earth geographical coordinates."
lagrange-l-1,solar_magnetograph,aditya-1,level-0,Lagrange L1,solar_magnetograph,aditya-1,Raw data at full instrument resolution.
lagrange-l-1,solar_magnetograph,aditya-1,level-1,Lagrange L1,solar_magnetograph,aditya-1,"In general, instrument readings are expressed in appropriate physical units and refer to Earth geographical coordinates."
lagrange-l-1,solar_magnetograph,soho,level-0,Lagrange L1,solar_magnetograph,soho,Raw data at full instrument resolution.
lagrange-l-1,solar_magnetograph,soho,level-1,Lagrange L1,solar_magnetograph,soho,"In general, instrument readings are expressed in appropriate physical units and refer to Earth geographical coordinates."
lunar,energetic-particle-spectrometer-and-magnetometer,artemis-p1,level-0,Lunar orbit,energetic-particle-spectrometer-and-magnetometer,artemis-p1,Raw data at full instrument resolution.
lunar,energetic-particle-spectrometer-and-magnetometer,artemis-p1,level-1,Lunar orbit,energetic-particle-spectrometer-and-magnetometer,artemis-p1,"In general, instrument readings are expressed in appropriate physical units and refer to Earth geographical coordinates."
lunar,energetic-particle-spectrometer-and-magnetometer,artemis-p2,level-0,Lunar orbit,energetic-particle-spectrometer-and-magnetometer,artemis-p2,Raw data at full instrument resolution.
lunar,energetic-particle-spectrometer-and-magnetometer,artemis-p2,level-1,Lunar orbit,energetic-particle-spectrometer-and-magnetometer,artemis-p2,"In general, instrument readings are expressed in appropriate physical units and refer to Earth geographical coordinates."
molniya,energetic-particle-spectrometer-and-magnetometer,arctica-m-n1,level-0,Molniya orbit,energetic-particle-spectrometer-and-magnetometer,arctica-m-n1,Raw data at full instrument resolution.
molniya,energetic-particle-spectrometer-and-magnetometer,arctica-m-n1,level-1,Molniya orbit,energetic-particle-spectrometer-and-magnetometer,arctica-m-n1,"In general, instrument readings are expressed in appropriate physical units and refer to Earth geographical coordinates."
molniya,energetic-particle-spectrometer-and-magnetometer,arctica-m-n2,level-0,Molniya orbit,energetic-particle-spectrometer-and-magnetometer,arctica-m-n2,Raw data at full instrument resolution.
molniya,energetic-particle-spectrometer-and-magnetometer,arctica-m-n2,level-1,Molniya orbit,energetic-particle-spectrometer-and-magnetometer,arctica-m-n2,"In general, instrument readings are expressed in appropriate physical units and refer to Earth geographical coordinates."
molniya,in_situ_plasma_probe,arctica-m-n1,level-0,Molniya orbit,in_situ_plasma_probe,arctica-m-n1,Raw data at full instrument resolution.
molniya,in_situ_plasma_probe,arctica-m-n1,level-1,Molniya orbit,in_situ_plasma_probe,arctica-m-n1,"In general, instrument readings are expressed in appropriate physical units and refer to Earth geographical coordinates."
molniya,in_situ_plasma_probe,arctica-m-n2,level-0,Molniya orbit,in_situ_plasma_probe,arctica-m-n2,Raw data at full instrument resolution.
molniya,in_situ_plasma_probe,arctica-m-n2,level-1,Molniya orbit,in_situ_plasma_probe,arctica-m-n2,"In general, instrument readings are expressed in appropriate physical units and refer to Earth geographical coordinates."
solar,energetic-particle-spectrometer-and-magnetometer,parker-solar-probe,level-0,Solar orbit,energetic-particle-spectrometer-and-magnetometer,parker-solar-probe,Raw data at full instrument resolution.
solar,energetic-particle-spectrometer-and-magnetometer,parker-solar-probe,level-1,Solar orbit,energetic-particle-spectrometer-and-magnetometer,parker-solar-probe,"In general, instrument readings are expressed in appropriate physical units and refer to Earth geographical coordinates."
solar,energetic-particle-spectrometer-and-magnetometer,solar-orbiter,level-0,Solar orbit,energetic-particle-spectrometer-and-magnetometer,solar-orbiter,Raw data at full instrument resolution.
solar,energetic-particle-spectrometer-and-magnetometer,solar-orbiter,level-1,Solar orbit,energetic-particle-spectrometer-and-magnetometer,solar-orbiter,"In general, instrument readings are expressed in appropriate physical units and refer to Earth geographical coordinates."
solar,solar_activity_monitor,parker-solar-probe,level-0,Solar orbit,solar_activity_monitor,parker-solar-probe,Raw data at full instrument resolution.
solar,solar_activity_monitor,parker-solar-probe,level-1,Solar orbit,solar_activity_monitor,parker-solar-probe,"In general, instrument readings are expressed in appropriate physical units and refer to Earth geographical coordinates."
solar,solar_activity_monitor,solar-orbiter,level-0,Solar orbit,solar_activity_monitor,solar-orbiter,Raw data at full instrument resolution.
solar,solar_activity_monitor,solar-orbiter,level-1,Solar orbit,solar_activity_monitor,solar-orbiter,"In general, instrument readings are expressed in appropriate physical units and refer to Earth geographical coordinates."
solar,solar_magnetograph,parker-solar-probe,level-0,Solar orbit,solar_magnetograph,parker-solar-probe,Raw data at full instrument resolution.
solar,solar_magnetograph,parker-solar-probe,level-1,Solar orbit,solar_magnetograph,parker-solar-probe,"In general, instrument readings are expressed in appropriate physical units and refer to Earth geographical coordinates."
solar,solar_magnetograph,solar-orbiter,level-0,Solar orbit,solar_magnetograph,solar-orbiter,Raw data at full instrument resolution.
solar,solar_magnetograph,solar-orbiter,level-1,Solar orbit,solar_magnetograph,solar-orbiter,"In general, instrument readings are expressed in appropriate physical units and refer to Earth geographical coordinates."
sso,energetic-particle-spectrometer-and-magnetometer,dmsp-f17,level-0,Sun-synchronous orbit�,energetic-particle-spectrometer-and-magnetometer,dmsp-f17,Raw data at full instrument resolution.
sso,energetic-particle-spectrometer-and-magnetometer,dmsp-f17,level-1,Sun-synchronous orbit�,energetic-particle-spectrometer-and-magnetometer,dmsp-f17,"In general, instrument readings are expressed in appropriate physical units and refer to Earth geographical coordinates."
sso,energetic-particle-spectrometer-and-magnetometer,dmsp-f18,level-0,Sun-synchronous orbit�,energetic-particle-spectrometer-and-magnetometer,dmsp-f18,Raw data at full instrument resolution.
sso,energetic-particle-spectrometer-and-magnetometer,dmsp-f18,level-1,Sun-synchronous orbit�,energetic-particle-spectrometer-and-magnetometer,dmsp-f18,"In general, instrument readings are expressed in appropriate physical units and refer to Earth geographical coordinates."
sso,energetic-particle-spectrometer-and-magnetometer,formosat-5,level-0,Sun-synchronous orbit�,energetic-particle-spectrometer-and-magnetometer,formosat-5,Raw data at full instrument resolution.
sso,energetic-particle-spectrometer-and-magnetometer,formosat-5,level-1,Sun-synchronous orbit�,energetic-particle-spectrometer-and-magnetometer,formosat-5,"In general, instrument readings are expressed in appropriate physical units and refer to Earth geographical coordinates."
sso,energetic-particle-spectrometer-and-magnetometer,fy-3c,level-0,Sun-synchronous orbit�,energetic-particle-spectrometer-and-magnetometer,fy-3c,Raw data at full instrument resolution.
sso,energetic-particle-spectrometer-and-magnetometer,fy-3c,level-1,Sun-synchronous orbit�,energetic-particle-spectrometer-and-magnetometer,fy-3c,"In general, instrument readings are expressed in appropriate physical units and refer to Earth geographical coordinates."
sso,energetic-particle-spectrometer-and-magnetometer,fy-3d,level-0,Sun-synchronous orbit�,energetic-particle-spectrometer-and-magnetometer,fy-3d,Raw data at full instrument resolution.
sso,energetic-particle-spectrometer-and-magnetometer,fy-3d,level-1,Sun-synchronous orbit�,energetic-particle-spectrometer-and-magnetometer,fy-3d,"In general, instrument readings are expressed in appropriate physical units and refer to Earth geographical coordinates."
sso,energetic-particle-spectrometer-and-magnetometer,fy-3e,level-0,Sun-synchronous orbit�,energetic-particle-spectrometer-and-magnetometer,fy-3e,Raw data at full instrument resolution.
sso,energetic-particle-spectrometer-and-magnetometer,fy-3e,level-1,Sun-synchronous orbit�,energetic-particle-spectrometer-and-magnetometer,fy-3e,"In general, instrument readings are expressed in appropriate physical units and refer to Earth geographical coordinates."
sso,energetic-particle-spectrometer-and-magnetometer,fy-3f,level-0,Sun-synchronous orbit�,energetic-particle-spectrometer-and-magnetometer,fy-3f,Raw data at full instrument resolution.
sso,energetic-particle-spectrometer-and-magnetometer,fy-3f,level-1,Sun-synchronous orbit�,energetic-particle-spectrometer-and-magnetometer,fy-3f,"In general, instrument readings are expressed in appropriate physical units and refer to Earth geographical coordinates."
sso,energetic-particle-spectrometer-and-magnetometer,gnomes-2,level-0,Sun-synchronous orbit�,energetic-particle-spectrometer-and-magnetometer,gnomes-2,Raw data at full instrument resolution.
sso,energetic-particle-spectrometer-and-magnetometer,gnomes-2,level-1,Sun-synchronous orbit�,energetic-particle-spectrometer-and-magnetometer,gnomes-2,"In general, instrument readings are expressed in appropriate physical units and refer to Earth geographical coordinates."
sso,energetic-particle-spectrometer-and-magnetometer,gnomes-3,level-0,Sun-synchronous orbit�,energetic-particle-spectrometer-and-magnetometer,gnomes-3,Raw data at full instrument resolution.
sso,energetic-particle-spectrometer-and-magnetometer,gnomes-3,level-1,Sun-synchronous orbit�,energetic-particle-spectrometer-and-magnetometer,gnomes-3,"In general, instrument readings are expressed in appropriate physical units and refer to Earth geographical coordinates."
sso,energetic-particle-spectrometer-and-magnetometer,gnomes-4,level-0,Sun-synchronous orbit�,energetic-particle-spectrometer-and-magnetometer,gnomes-4,Raw data at full instrument resolution.
sso,energetic-particle-spectrometer-and-magnetometer,gnomes-4,level-1,Sun-synchronous orbit�,energetic-particle-spectrometer-and-magnetometer,gnomes-4,"In general, instrument readings are expressed in appropriate physical units and refer to Earth geographical coordinates."
sso,energetic-particle-spectrometer-and-magnetometer,hy-2b,level-0,Sun-synchronous orbit�,energetic-particle-spectrometer-and-magnetometer,hy-2b,Raw data at full instrument resolution.
sso,energetic-particle-spectrometer-and-magnetometer,hy-2b,level-1,Sun-synchronous orbit�,energetic-particle-spectrometer-and-magnetometer,hy-2b,"In general, instrument readings are expressed in appropriate physical units and refer to Earth geographical coordinates."
sso,energetic-particle-spectrometer-and-magnetometer,kompsat-5,level-0,Sun-synchronous orbit�,energetic-particle-spectrometer-and-magnetometer,kompsat-5,Raw data at full instrument resolution.
sso,energetic-particle-spectrometer-and-magnetometer,kompsat-5,level-1,Sun-synchronous orbit�,energetic-particle-spectrometer-and-magnetometer,kompsat-5,"In general, instrument readings are expressed in appropriate physical units and refer to Earth geographical coordinates."
sso,energetic-particle-spectrometer-and-magnetometer,lemur-2,level-0,Sun-synchronous orbit�,energetic-particle-spectrometer-and-magnetometer,lemur-2,Raw data at full instrument resolution.
sso,energetic-particle-spectrometer-and-magnetometer,lemur-2,level-1,Sun-synchronous orbit�,energetic-particle-spectrometer-and-magnetometer,lemur-2,"In general, instrument readings are expressed in appropriate physical units and refer to Earth geographical coordinates."
sso,energetic-particle-spectrometer-and-magnetometer,meteor-m-n2,level-0,Sun-synchronous orbit�,energetic-particle-spectrometer-and-magnetometer,meteor-m-n2,Raw data at full instrument resolution.
sso,energetic-particle-spectrometer-and-magnetometer,meteor-m-n2,level-1,Sun-synchronous orbit�,energetic-particle-spectrometer-and-magnetometer,meteor-m-n2,"In general, instrument readings are expressed in appropriate physical units and refer to Earth geographical coordinates."
sso,energetic-particle-spectrometer-and-magnetometer,meteor-m-n2-2,level-0,Sun-synchronous orbit�,energetic-particle-spectrometer-and-magnetometer,meteor-m-n2-2,Raw data at full instrument resolution.
sso,energetic-particle-spectrometer-and-magnetometer,meteor-m-n2-2,level-1,Sun-synchronous orbit�,energetic-particle-spectrometer-and-magnetometer,meteor-m-n2-2,"In general, instrument readings are expressed in appropriate physical units and refer to Earth geographical coordinates."
sso,energetic-particle-spectrometer-and-magnetometer,meteor-m-n2-3,level-0,Sun-synchronous orbit�,energetic-particle-spectrometer-and-magnetometer,meteor-m-n2-3,Raw data at full instrument resolution.
sso,energetic-particle-spectrometer-and-magnetometer,meteor-m-n2-3,level-1,Sun-synchronous orbit�,energetic-particle-spectrometer-and-magnetometer,meteor-m-n2-3,"In general, instrument readings are expressed in appropriate physical units and refer to Earth geographical coordinates."
sso,energetic-particle-spectrometer-and-magnetometer,meteor-m-n2-4,level-0,Sun-synchronous orbit�,energetic-particle-spectrometer-and-magnetometer,meteor-m-n2-4,Raw data at full instrument resolution.
sso,energetic-particle-spectrometer-and-magnetometer,meteor-m-n2-4,level-1,Sun-synchronous orbit�,energetic-particle-spectrometer-and-magnetometer,meteor-m-n2-4,"In general, instrument readings are expressed in appropriate physical units and refer to Earth geographical coordinates."
sso,energetic-particle-spectrometer-and-magnetometer,proba-2,level-0,Sun-synchronous orbit�,energetic-particle-spectrometer-and-magnetometer,proba-2,Raw data at full instrument resolution.
sso,energetic-particle-spectrometer-and-magnetometer,proba-2,level-1,Sun-synchronous orbit�,energetic-particle-spectrometer-and-magnetometer,proba-2,"In general, instrument readings are expressed in appropriate physical units and refer to Earth geographical coordinates."
sso,energetic-particle-spectrometer-and-magnetometer,sentinel-3a,level-0,Sun-synchronous orbit�,energetic-particle-spectrometer-and-magnetometer,sentinel-3a,Raw data at full instrument resolution.
sso,energetic-particle-spectrometer-and-magnetometer,sentinel-3a,level-1,Sun-synchronous orbit�,energetic-particle-spectrometer-and-magnetometer,sentinel-3a,"In general, instrument readings are expressed in appropriate physical units and refer to Earth geographical coordinates."
sso,energetic-particle-spectrometer-and-magnetometer,sentinel-3b,level-0,Sun-synchronous orbit�,energetic-particle-spectrometer-and-magnetometer,sentinel-3b,Raw data at full instrument resolution.
sso,energetic-particle-spectrometer-and-magnetometer,sentinel-3b,level-1,Sun-synchronous orbit�,energetic-particle-spectrometer-and-magnetometer,sentinel-3b,"In general, instrument readings are expressed in appropriate physical units and refer to Earth geographical coordinates."
sso,energetic-particle-spectrometer-and-magnetometer,sich-2-30,level-0,Sun-synchronous orbit�,energetic-particle-spectrometer-and-magnetometer,sich-2-30,Raw data at full instrument resolution.
sso,energetic-particle-spectrometer-and-magnetometer,sich-2-30,level-1,Sun-synchronous orbit�,energetic-particle-spectrometer-and-magnetometer,sich-2-30,"In general, instrument readings are expressed in appropriate physical units and refer to Earth geographical coordinates."
sso,energetic-particle-spectrometer-and-magnetometer,tandem-x,level-0,Sun-synchronous orbit�,energetic-particle-spectrometer-and-magnetometer,tandem-x,Raw data at full instrument resolution.
sso,energetic-particle-spectrometer-and-magnetometer,tandem-x,level-1,Sun-synchronous orbit�,energetic-particle-spectrometer-and-magnetometer,tandem-x,"In general, instrument readings are expressed in appropriate physical units and refer to Earth geographical coordinates."
sso,energetic-particle-spectrometer-and-magnetometer,terra,level-0,Sun-synchronous orbit�,energetic-particle-spectrometer-and-magnetometer,terra,Raw data at full instrument resolution.
sso,energetic-particle-spectrometer-and-magnetometer,terra,level-1,Sun-synchronous orbit�,energetic-particle-spectrometer-and-magnetometer,terra,"In general, instrument readings are expressed in appropriate physical units and refer to Earth geographical coordinates."
sso,energetic-particle-spectrometer-and-magnetometer,terrasar-x,level-0,Sun-synchronous orbit�,energetic-particle-spectrometer-and-magnetometer,terrasar-x,Raw data at full instrument resolution.
sso,energetic-particle-spectrometer-and-magnetometer,terrasar-x,level-1,Sun-synchronous orbit�,energetic-particle-spectrometer-and-magnetometer,terrasar-x,"In general, instrument readings are expressed in appropriate physical units and refer to Earth geographical coordinates."
sso,energetic-particle-spectrometer-and-magnetometer,th-1c,level-0,Sun-synchronous orbit�,energetic-particle-spectrometer-and-magnetometer,th-1c,Raw data at full instrument resolution.
sso,energetic-particle-spectrometer-and-magnetometer,th-1c,level-1,Sun-synchronous orbit�,energetic-particle-spectrometer-and-magnetometer,th-1c,"In general, instrument readings are expressed in appropriate physical units and refer to Earth geographical coordinates."
sso,energetic-particle-spectrometer-and-magnetometer,theos-1,level-0,Sun-synchronous orbit�,energetic-particle-spectrometer-and-magnetometer,theos-1,Raw data at full instrument resolution.
sso,energetic-particle-spectrometer-and-magnetometer,theos-1,level-1,Sun-synchronous orbit�,energetic-particle-spectrometer-and-magnetometer,theos-1,"In general, instrument readings are expressed in appropriate physical units and refer to Earth geographical coordinates."
sso,energetic-particle-spectrometer-and-magnetometer,theos-2 main,level-0,Sun-synchronous orbit�,energetic-particle-spectrometer-and-magnetometer,theos-2 main,Raw data at full instrument resolution.
sso,energetic-particle-spectrometer-and-magnetometer,theos-2 main,level-1,Sun-synchronous orbit�,energetic-particle-spectrometer-and-magnetometer,theos-2 main,"In general, instrument readings are expressed in appropriate physical units and refer to Earth geographical coordinates."
sso,energetic-particle-spectrometer-and-magnetometer,tianmu-1,level-0,Sun-synchronous orbit�,energetic-particle-spectrometer-and-magnetometer,tianmu-1,Raw data at full instrument resolution.
sso,energetic-particle-spectrometer-and-magnetometer,tianmu-1,level-1,Sun-synchronous orbit�,energetic-particle-spectrometer-and-magnetometer,tianmu-1,"In general, instrument readings are expressed in appropriate physical units and refer to Earth geographical coordinates."
sso,energetic-particle-spectrometer-and-magnetometer,triton ,level-0,Sun-synchronous orbit�,energetic-particle-spectrometer-and-magnetometer,triton ,Raw data at full instrument resolution.
sso,energetic-particle-spectrometer-and-magnetometer,triton ,level-1,Sun-synchronous orbit�,energetic-particle-spectrometer-and-magnetometer,triton ,"In general, instrument readings are expressed in appropriate physical units and refer to Earth geographical coordinates."
sso,energetic-particle-spectrometer-and-magnetometer,tropics-01,level-0,Sun-synchronous orbit�,energetic-particle-spectrometer-and-magnetometer,tropics-01,Raw data at full instrument resolution.
sso,energetic-particle-spectrometer-and-magnetometer,tropics-01,level-1,Sun-synchronous orbit�,energetic-particle-spectrometer-and-magnetometer,tropics-01,"In general, instrument readings are expressed in appropriate physical units and refer to Earth geographical coordinates."
sso,energetic-particle-spectrometer-and-magnetometer,venus,level-0,Sun-synchronous orbit�,energetic-particle-spectrometer-and-magnetometer,venus,Raw data at full instrument resolution.
sso,energetic-particle-spectrometer-and-magnetometer,venus,level-1,Sun-synchronous orbit�,energetic-particle-spectrometer-and-magnetometer,venus,"In general, instrument readings are expressed in appropriate physical units and refer to Earth geographical coordinates."
sso,energetic-particle-spectrometer-and-magnetometer,worldview-3,level-0,Sun-synchronous orbit�,energetic-particle-spectrometer-and-magnetometer,worldview-3,Raw data at full instrument resolution.
sso,energetic-particle-spectrometer-and-magnetometer,worldview-3,level-1,Sun-synchronous orbit�,energetic-particle-spectrometer-and-magnetometer,worldview-3,"In general, instrument readings are expressed in appropriate physical units and refer to Earth geographical coordinates."
sso,energetic-particle-spectrometer-and-magnetometer,zy-3-02,level-0,Sun-synchronous orbit�,energetic-particle-spectrometer-and-magnetometer,zy-3-02,Raw data at full instrument resolution.
sso,energetic-particle-spectrometer-and-magnetometer,zy-3-02,level-1,Sun-synchronous orbit�,energetic-particle-spectrometer-and-magnetometer,zy-3-02,"In general, instrument readings are expressed in appropriate physical units and refer to Earth geographical coordinates."
sso,energetic-particle-spectrometer-and-magnetometer,zy-3-03,level-0,Sun-synchronous orbit�,energetic-particle-spectrometer-and-magnetometer,zy-3-03,Raw data at full instrument resolution.
sso,energetic-particle-spectrometer-and-magnetometer,zy-3-03,level-1,Sun-synchronous orbit�,energetic-particle-spectrometer-and-magnetometer,zy-3-03,"In general, instrument readings are expressed in appropriate physical units and refer to Earth geographical coordinates."
sso,gravitometry,hy-2b,level-0,Sun-synchronous orbit�,gravitometry,hy-2b,Raw data at full instrument resolution.
sso,gravitometry,hy-2b,level-1,Sun-synchronous orbit�,gravitometry,hy-2b,"In general, instrument readings are expressed in appropriate physical units and refer to Earth geographical coordinates."
sso,gravitometry,saral,level-0,Sun-synchronous orbit�,gravitometry,saral,Raw data at full instrument resolution.
sso,gravitometry,saral,level-1,Sun-synchronous orbit�,gravitometry,saral,"In general, instrument readings are expressed in appropriate physical units and refer to Earth geographical coordinates."
sso,in_situ_plasma_probe,dmsp-f17,level-0,Sun-synchronous orbit�,in_situ_plasma_probe,dmsp-f17,Raw data at full instrument resolution.
sso,in_situ_plasma_probe,dmsp-f17,level-1,Sun-synchronous orbit�,in_situ_plasma_probe,dmsp-f17,"In general, instrument readings are expressed in appropriate physical units and refer to Earth geographical coordinates."
sso,in_situ_plasma_probe,dmsp-f18,level-0,Sun-synchronous orbit�,in_situ_plasma_probe,dmsp-f18,Raw data at full instrument resolution.
sso,in_situ_plasma_probe,dmsp-f18,level-1,Sun-synchronous orbit�,in_situ_plasma_probe,dmsp-f18,"In general, instrument readings are expressed in appropriate physical units and refer to Earth geographical coordinates."
sso,in_situ_plasma_probe,formosat-5,level-0,Sun-synchronous orbit�,in_situ_plasma_probe,formosat-5,Raw data at full instrument resolution.
sso,in_situ_plasma_probe,formosat-5,level-1,Sun-synchronous orbit�,in_situ_plasma_probe,formosat-5,"In general, instrument readings are expressed in appropriate physical units and refer to Earth geographical coordinates."
sso,in_situ_plasma_probe,fy-3c,level-0,Sun-synchronous orbit�,in_situ_plasma_probe,fy-3c,Raw data at full instrument resolution.
sso,in_situ_plasma_probe,fy-3c,level-1,Sun-synchronous orbit�,in_situ_plasma_probe,fy-3c,"In general, instrument readings are expressed in appropriate physical units and refer to Earth geographical coordinates."
sso,in_situ_plasma_probe,fy-3d,level-0,Sun-synchronous orbit�,in_situ_plasma_probe,fy-3d,Raw data at full instrument resolution.
sso,in_situ_plasma_probe,fy-3d,level-1,Sun-synchronous orbit�,in_situ_plasma_probe,fy-3d,"In general, instrument readings are expressed in appropriate physical units and refer to Earth geographical coordinates."
sso,in_situ_plasma_probe,fy-3e,level-0,Sun-synchronous orbit�,in_situ_plasma_probe,fy-3e,Raw data at full instrument resolution.
sso,in_situ_plasma_probe,fy-3e,level-1,Sun-synchronous orbit�,in_situ_plasma_probe,fy-3e,"In general, instrument readings are expressed in appropriate physical units and refer to Earth geographical coordinates."
sso,in_situ_plasma_probe,meteor-m-n2,level-0,Sun-synchronous orbit�,in_situ_plasma_probe,meteor-m-n2,Raw data at full instrument resolution.
sso,in_situ_plasma_probe,meteor-m-n2,level-1,Sun-synchronous orbit�,in_situ_plasma_probe,meteor-m-n2,"In general, instrument readings are expressed in appropriate physical units and refer to Earth geographical coordinates."
sso,in_situ_plasma_probe,meteor-m-n2-2,level-0,Sun-synchronous orbit�,in_situ_plasma_probe,meteor-m-n2-2,Raw data at full instrument resolution.
sso,in_situ_plasma_probe,meteor-m-n2-2,level-1,Sun-synchronous orbit�,in_situ_plasma_probe,meteor-m-n2-2,"In general, instrument readings are expressed in appropriate physical units and refer to Earth geographical coordinates."
sso,in_situ_plasma_probe,meteor-m-n2-3,level-0,Sun-synchronous orbit�,in_situ_plasma_probe,meteor-m-n2-3,Raw data at full instrument resolution.
sso,in_situ_plasma_probe,meteor-m-n2-3,level-1,Sun-synchronous orbit�,in_situ_plasma_probe,meteor-m-n2-3,"In general, instrument readings are expressed in appropriate physical units and refer to Earth geographical coordinates."
sso,in_situ_plasma_probe,meteor-m-n2-4,level-0,Sun-synchronous orbit�,in_situ_plasma_probe,meteor-m-n2-4,Raw data at full instrument resolution.
sso,in_situ_plasma_probe,meteor-m-n2-4,level-1,Sun-synchronous orbit�,in_situ_plasma_probe,meteor-m-n2-4,"In general, instrument readings are expressed in appropriate physical units and refer to Earth geographical coordinates."
sso,in_situ_plasma_probe,metop-b,level-0,Sun-synchronous orbit�,in_situ_plasma_probe,metop-b,Raw data at full instrument resolution.
sso,in_situ_plasma_probe,metop-b,level-1,Sun-synchronous orbit�,in_situ_plasma_probe,metop-b,"In general, instrument readings are expressed in appropriate physical units and refer to Earth geographical coordinates."
sso,in_situ_plasma_probe,metop-c,level-0,Sun-synchronous orbit�,in_situ_plasma_probe,metop-c,Raw data at full instrument resolution.
sso,in_situ_plasma_probe,metop-c,level-1,Sun-synchronous orbit�,in_situ_plasma_probe,metop-c,"In general, instrument readings are expressed in appropriate physical units and refer to Earth geographical coordinates."
sso,in_situ_plasma_probe,noaa-15,level-0,Sun-synchronous orbit�,in_situ_plasma_probe,noaa-15,Raw data at full instrument resolution.
sso,in_situ_plasma_probe,noaa-15,level-1,Sun-synchronous orbit�,in_situ_plasma_probe,noaa-15,"In general, instrument readings are expressed in appropriate physical units and refer to Earth geographical coordinates."
sso,in_situ_plasma_probe,noaa-18,level-0,Sun-synchronous orbit�,in_situ_plasma_probe,noaa-18,Raw data at full instrument resolution.
sso,in_situ_plasma_probe,noaa-18,level-1,Sun-synchronous orbit�,in_situ_plasma_probe,noaa-18,"In general, instrument readings are expressed in appropriate physical units and refer to Earth geographical coordinates."
sso,in_situ_plasma_probe,noaa-19,level-0,Sun-synchronous orbit�,in_situ_plasma_probe,noaa-19,Raw data at full instrument resolution.
sso,in_situ_plasma_probe,noaa-19,level-1,Sun-synchronous orbit�,in_situ_plasma_probe,noaa-19,"In general, instrument readings are expressed in appropriate physical units and refer to Earth geographical coordinates."
sso,solar_activity_monitor,proba-2,level-0,Sun-synchronous orbit�,solar_activity_monitor,proba-2,Raw data at full instrument resolution.
sso,solar_activity_monitor,proba-2,level-1,Sun-synchronous orbit�,solar_activity_monitor,proba-2,"In general, instrument readings are expressed in appropriate physical units and refer to Earth geographical coordinates."
sso,solar_activity_monitor,solar-b,level-0,Sun-synchronous orbit�,solar_activity_monitor,solar-b,Raw data at full instrument resolution.
sso,solar_activity_monitor,solar-b,level-1,Sun-synchronous orbit�,solar_activity_monitor,solar-b,"In general, instrument readings are expressed in appropriate physical units and refer to Earth geographical coordinates."
sso,solar_magnetograph,aso-s,level-0,Sun-synchronous orbit�,solar_magnetograph,aso-s,Raw data at full instrument resolution.
sso,solar_magnetograph,aso-s,level-1,Sun-synchronous orbit�,solar_magnetograph,aso-s,"In general, instrument readings are expressed in appropriate physical units and refer to Earth geographical coordinates."
sso,solar_magnetograph,fy-3e,level-0,Sun-synchronous orbit�,solar_magnetograph,fy-3e,Raw data at full instrument resolution.
sso,solar_magnetograph,fy-3e,level-1,Sun-synchronous orbit�,solar_magnetograph,fy-3e,"In general, instrument readings are expressed in appropriate physical units and refer to Earth geographical coordinates."
sso,solar_magnetograph,iris,level-0,Sun-synchronous orbit�,solar_magnetograph,iris,Raw data at full instrument resolution.
sso,solar_magnetograph,iris,level-1,Sun-synchronous orbit�,solar_magnetograph,iris,"In general, instrument readings are expressed in appropriate physical units and refer to Earth geographical coordinates."
sso,solar_magnetograph,proba-2,level-0,Sun-synchronous orbit�,solar_magnetograph,proba-2,Raw data at full instrument resolution.
sso,solar_magnetograph,proba-2,level-1,Sun-synchronous orbit�,solar_magnetograph,proba-2,"In general, instrument readings are expressed in appropriate physical units and refer to Earth geographical coordinates."
sso,solar_magnetograph,solar-b,level-0,Sun-synchronous orbit�,solar_magnetograph,solar-b,Raw data at full instrument resolution.
sso,solar_magnetograph,solar-b,level-1,Sun-synchronous orbit�,solar_magnetograph,solar-b,"In general, instrument readings are expressed in appropriate physical units and refer to Earth geographical coordinates."
sso,x_ray_spectrograph,fy-3e,level-0,Sun-synchronous orbit�,x_ray_spectrograph,fy-3e,Raw data at full instrument resolution.
sso,x_ray_spectrograph,fy-3e,level-1,Sun-synchronous orbit�,x_ray_spectrograph,fy-3e,"In general, instrument readings are expressed in appropriate physical units and refer to Earth geographical coordinates."
sso,x_ray_spectrograph,solar-b,level-0,Sun-synchronous orbit�,x_ray_spectrograph,solar-b,Raw data at full instrument resolution.
sso,x_ray_spectrograph,solar-b,level-1,Sun-synchronous orbit�,x_ray_spectrograph,solar-b,"In general, instrument readings are expressed in appropriate physical units and refer to Earth geographical coordinates."
